{
  "CREDENTIALS": {
    "RABBITMQ": {
      "MASTER_PASS": {
        "username": "rabbitmq",
        "password": "PASSWORD_NOT_DEFINED"
      },
      "BLOCK_ADMIN": {
        "username": "rabbitmq",
        "password": "PASSWORD_NOT_DEFINED"
      },
      "BACKEND_API": {
        "username": "backendapi",
        "password": "PASSWORD_NOT_DEFINED"
      },
      "INTERBLOCKCHAIN_API": {
        "username": "interbcapi",
        "password": "PASSWORD_NOT_DEFINED"
      }
    },
    "DB_API": {
      "MASTER_PASS": {
        "username": "db-api",
        "password": "PASSWORD_NOT_DEFINED"
      }
    },
    "DBC_API": {
      "MASTER_PASS": {
        "username": "dbc-api",
        "password": "PASSWORD_NOT_DEFINED"
      }
    },
    "API_KEYS": {
      "ATTIKON-HOSPITAL": {
        "username": "dffc7f9a-851c-4714-a8ca-f0ebfee1e434",
        "password": "PASSWORD_NOT_DEFINED"
      },
      "GENERAL-HOSPITAL-OF-ATHENS": {
        "username": "e3ff844f-b1a0-4e4b-917d-a4327ce6e293",
        "password": "PASSWORD_NOT_DEFINED"
      },
      "MEDUTILS": {
        "username": "34c3fa4c-af9a-4c09-a093-4f66d6ade57a",
        "password": "PASSWORD_NOT_DEFINED"
      },
      "HEALTHPRODS": {
        "username": "13fcaf07-fdf8-409b-8a9c-52e1acf4360f",
        "password": "PASSWORD_NOT_DEFINED"
      }
    }
  }
}
