{ "PROXY": { "CHANNELS": { "BASECHANNEL": { "CHANNEL_NAME": "basechannel", "CHANNEL_PROFILE": "FourOrgsApplicationGenesis" } }, "ORDERERS": [ { "owner": "ministry-of-health", "ordererName": "orderer-ministry-0", "ordererPW": "PASSWORD_NOT_DEFINED", "ordererDomain": "orderer-ministry-0-proxy", "defaultOrdererName": "orderer-ministry-0", "ordererAdminUser": "orderer", "ordererAdminUserPW": "PASSWORD_NOT_DEFINED", "certificateAuthorityName": "ca-ministry-of-health", "certificateAuthorityPort": "443", "tlsCAOrg": "ministry-of-health", "tlsCertificateAuthorityName": "ca-ministry-of-health", "tlsCertificateAuthorityPort": "443", "RCAAdmin": "rcaadminminofhealth:PASSWORD_NOT_DEFINED", "TLSCACreds": "tlsadminmoh:PASSWORD_NOT_DEFINED", "BackendAPICreds": "backendapi:PASSWORD_NOT_DEFINED", "InterblockchainAPICreds": "interblockchainapi:PASSWORD_NOT_DEFINED" } ], "ORGANIZATIONS": [ { "name": "attikon-hospital", "uuid": "dffc7f9a-851c-4714-a8ca-f0ebfee1e434", "msp": "AttikonhospitalMSP", "peer": "peer0", "peerName": "attikon-hospital-peer0", "peerPW": "PASSWORD_NOT_DEFINED", "orgAdmin": "atho-generaladmin", "orgAdminPw": "PASSWORD_NOT_DEFINED", "caAdmin": "caadminatho:PASSWORD_NOT_DEFINED", "auditor": "auditoratho:PASSWORD_NOT_DEFINED", "peerDomain": "attikon-hospital-peer0", "certificateAuthorityName": "ca-attikon-hospital", "certificateAuthorityPort": "443", "tlsCAOrg": "attikon-hospital", "tlsCertificateAuthorityName": "ca-attikon-hospital", "tlsCertificateAuthorityPort": "443", "domainBlockchain": "medical", "RCAAdmin": "rcaadminatho:PASSWORD_NOT_DEFINED", "TLSCACreds": "tlscaatho:PASSWORD_NOT_DEFINED", "BackendAPICreds": "backendapi:PASSWORD_NOT_DEFINED", "InterblockchainAPICreds": "interblockchainapi:PASSWORD_NOT_DEFINED" }, { "name": "general-hospital-of-athens", "uuid": "e3ff844f-b1a0-4e4b-917d-a4327ce6e293", "msp": "GeneralhospitalofathensMSP", "peer": "peer0", "peerName": "general-hospital-of-athens-peer0", "peerPW": "PASSWORD_NOT_DEFINED", "orgAdmin": "gehoat-generaladmin", "orgAdminPw": "PASSWORD_NOT_DEFINED", "caAdmin": "caadmingehoat:PASSWORD_NOT_DEFINED", "auditor": "auditorgehoat:PASSWORD_NOT_DEFINED", "peerDomain": "general-hospital-of-athens-peer0", "certificateAuthorityName": "ca-general-hospital-of-athens", "certificateAuthorityPort": "443", "tlsCAOrg": "general-hospital-of-athens", "tlsCertificateAuthorityName": "ca-general-hospital-of-athens", "tlsCertificateAuthorityPort": "443", "domainBlockchain": "medical", "RCAAdmin": "rcaadmingehoat:PASSWORD_NOT_DEFINED", "TLSCACreds": "tlscagehoat:PASSWORD_NOT_DEFINED", "BackendAPICreds": "backendapi:PASSWORD_NOT_DEFINED", "InterblockchainAPICreds": "interblockchainapi:PASSWORD_NOT_DEFINED" }, { "name": "medutils", "uuid": "34c3fa4c-af9a-4c09-a093-4f66d6ade57a", "msp": "MedutilsMSP", "peer": "peer0", "peerName": "medutils-peer0", "peerPW": "PASSWORD_NOT_DEFINED", "orgAdmin": "medutils-generaladmin", "orgAdminPw": "PASSWORD_NOT_DEFINED", "caAdmin": "caadminmedutils:PASSWORD_NOT_DEFINED", "auditor": "auditormedutils:PASSWORD_NOT_DEFINED", "peerDomain": "medutils-peer0", "certificateAuthorityName": "ca-medutils", "certificateAuthorityPort": "443", "tlsCAOrg": "medutils", "tlsCertificateAuthorityName": "ca-medutils", "tlsCertificateAuthorityPort": "443", "domainBlockchain": "manufacturer", "RCAAdmin": "rcaadminmedutils:PASSWORD_NOT_DEFINED", "TLSCACreds": "tlscamedutils:PASSWORD_NOT_DEFINED", "BackendAPICreds": "backendapi:PASSWORD_NOT_DEFINED", "InterblockchainAPICreds": "interblockchainapi:PASSWORD_NOT_DEFINED" }, { "name": "healthprods", "uuid": "13fcaf07-fdf8-409b-8a9c-52e1acf4360f", "msp": "HealthprodsMSP", "peer": "peer0", "peerName": "healthprods-peer0", "peerPW": "PASSWORD_NOT_DEFINED", "orgAdmin": "healthprods-generaladmin", "orgAdminPw": "PASSWORD_NOT_DEFINED", "caAdmin": "caadminhealthprods:PASSWORD_NOT_DEFINED", "auditor": "auditorhealthprods:PASSWORD_NOT_DEFINED", "peerDomain": "healthprods-peer0", "certificateAuthorityName": "ca-healthprods", "certificateAuthorityPort": "443", "tlsCAOrg": "healthprods", "tlsCertificateAuthorityName": "ca-healthprods", "tlsCertificateAuthorityPort": "443", "domainBlockchain": "manufacturer", "RCAAdmin": "rcaadminhealthprods:PASSWORD_NOT_DEFINED", "TLSCACreds": "tlscahealthprods:PASSWORD_NOT_DEFINED", "BackendAPICreds": "backendapi:PASSWORD_NOT_DEFINED", "InterblockchainAPICreds": "interblockchainapi:PASSWORD_NOT_DEFINED" } ] }, "MEDICAL": { "CHANNELS": { "BASECHANNEL": { "CHANNEL_NAME": "basechannel", "CHANNEL_PROFILE": "TwoOrgsApplicationGenesis" } }, "ORDERERS": [ { "owner": "ministry-of-health", "ordererName": "orderer-ministry-0", "ordererPW": "PASSWORD_NOT_DEFINED", "ordererDomain": "orderer-ministry-0-medical", "defaultOrdererName": "orderer-ministry-0", "ordererAdminUser": "orderer", "ordererAdminUserPW": "PASSWORD_NOT_DEFINED", "certificateAuthorityName": "ca-ministry-of-health", "certificateAuthorityPort": "443", "tlsCAOrg": "ministry-of-health", "tlsCertificateAuthorityName": "ca-ministry-of-health", "tlsCertificateAuthorityPort": "443", "RCAAdmin": "rcaadminminofhealth:PASSWORD_NOT_DEFINED", "TLSCACreds": "tlsadminmoh:PASSWORD_NOT_DEFINED", "BackendAPICreds": "backendapi:PASSWORD_NOT_DEFINED", "InterblockchainAPICreds": "interblockchainapi:PASSWORD_NOT_DEFINED" } ], "ORGANIZATIONS": [ { "name": "attikon-hospital", "msp": "AttikonhospitalMSP", "peer": "peer0", "peerName": "attikon-hospital-peer0", "peerPW": "PASSWORD_NOT_DEFINED", "peerDomain": "attikon-hospital-peer0-medical", "orgAdmin": "atho-generaladmin", "orgAdminPw": "PASSWORD_NOT_DEFINED", "certificateAuthorityName": "ca-attikon-hospital", "certificateAuthorityPort": "443", "tlsCAOrg": "attikon-hospital", "tlsCertificateAuthorityName": "ca-attikon-hospital", "tlsCertificateAuthorityPort": "443", "RCAAdmin": "rcaadminatho:PASSWORD_NOT_DEFINED", "TLSCACreds": "tlscaatho:PASSWORD_NOT_DEFINED", "caAdmin": "caadminatho:PASSWORD_NOT_DEFINED", "auditor": "auditoratho:PASSWORD_NOT_DEFINED", "BackendAPICreds": "backendapi:PASSWORD_NOT_DEFINED", "InterblockchainAPICreds": "interblockchainapi:PASSWORD_NOT_DEFINED" }, { "name": "general-hospital-of-athens", "msp": "GeneralhospitalofathensMSP", "peer": "peer0", "peerName": "general-hospital-of-athens-peer0", "peerPW": "PASSWORD_NOT_DEFINED", "peerDomain": "general-hospital-of-athens-peer0-medical", "orgAdmin": "gehoat-generaladmin", "orgAdminPw": "PASSWORD_NOT_DEFINED", "certificateAuthorityName": "ca-general-hospital-of-athens", "certificateAuthorityPort": "443", "tlsCAOrg": "general-hospital-of-athens", "tlsCertificateAuthorityName": "ca-general-hospital-of-athens", "tlsCertificateAuthorityPort": "443", "RCAAdmin": "rcaadmingehoat:PASSWORD_NOT_DEFINED", "TLSCACreds": "tlscagehoat:PASSWORD_NOT_DEFINED", "caAdmin": "caadmingehoat:PASSWORD_NOT_DEFINED", "auditor": "auditorgehoat:PASSWORD_NOT_DEFINED", "BackendAPICreds": "backendapi:PASSWORD_NOT_DEFINED", "InterblockchainAPICreds": "interblockchainapi:PASSWORD_NOT_DEFINED" } ] }, "MANUFACTURER": { "CHANNELS": { "BASECHANNEL": { "CHANNEL_NAME": "basechannel", "CHANNEL_PROFILE": "TwoOrgsApplicationGenesis" } }, "ORDERERS": [ { "owner": "ministry-of-health", "ordererName": "orderer-ministry-0", "ordererPW": "PASSWORD_NOT_DEFINED", "ordererDomain": "orderer-ministry-0-manufacturer", "defaultOrdererName": "orderer-ministry-0", "ordererAdminUser": "orderer", "ordererAdminUserPW": "PASSWORD_NOT_DEFINED", "certificateAuthorityName": "ca-ministry-of-health", "certificateAuthorityPort": "443", "tlsCAOrg": "ministry-of-health", "tlsCertificateAuthorityName": "ca-ministry-of-health", "tlsCertificateAuthorityPort": "443", "RCAAdmin": "rcaadminminofhealth:PASSWORD_NOT_DEFINED", "TLSCACreds": "tlsadminmoh:PASSWORD_NOT_DEFINED", "BackendAPICreds": "backendapi:PASSWORD_NOT_DEFINED", "InterblockchainAPICreds": "interblockchainapi:PASSWORD_NOT_DEFINED" } ], "ORGANIZATIONS": [ { "name": "medutils", "msp": "MedutilsMSP", "peer": "peer0", "peerName": "medutils-peer0", "peerPW": "PASSWORD_NOT_DEFINED", "peerDomain": "medutils-peer0-manufacturer", "orgAdmin": "medutils-generaladmin", "orgAdminPw": "PASSWORD_NOT_DEFINED", "certificateAuthorityName": "ca-medutils", "certificateAuthorityPort": "443", "tlsCAOrg": "medutils", "tlsCertificateAuthorityName": "ca-medutils", "tlsCertificateAuthorityPort": "443", "RCAAdmin": "rcaadminmedutils:PASSWORD_NOT_DEFINED", "TLSCACreds": "tlscamedutils:PASSWORD_NOT_DEFINED", "caAdmin": "caadminmedutils:PASSWORD_NOT_DEFINED", "auditor": "auditormedutils:PASSWORD_NOT_DEFINED", "BackendAPICreds": "backendapi:PASSWORD_NOT_DEFINED", "InterblockchainAPICreds": "interblockchainapi:PASSWORD_NOT_DEFINED" }, { "name": "healthprods", "msp": "HealthprodsMSP", "peer": "peer0", "peerName": "healthprods-peer0", "peerPW": "PASSWORD_NOT_DEFINED", "peerDomain": "healthprods-peer0-manufacturer", "orgAdmin": "healthprods-generaladmin", "orgAdminPw": "PASSWORD_NOT_DEFINED", "certificateAuthorityName": "ca-healthprods", "certificateAuthorityPort": "443", "tlsCAOrg": "healthprods", "tlsCertificateAuthorityName": "ca-healthprods", "tlsCertificateAuthorityPort": "443", "RCAAdmin": "rcaadminhealthprods:PASSWORD_NOT_DEFINED", "TLSCACreds": "tlscahealthprods:PASSWORD_NOT_DEFINED", "caAdmin": "caadminhealthprods:PASSWORD_NOT_DEFINED", "auditor": "auditorhealthprods:PASSWORD_NOT_DEFINED", "BackendAPICreds": "backendapi:PASSWORD_NOT_DEFINED", "InterblockchainAPICreds": "interblockchainapi:PASSWORD_NOT_DEFINED" } ] } }
